id,topic
0,296
1,28
2,8
3,2
4,35
5,21
6,10
7,52
8,128
9,1
10,1
11,30
12,0
13,7
14,0
15,52
16,186
17,150
18,16
19,0
20,0
21,3
22,152
23,118
24,2
25,164
26,0
27,2
28,34
29,11
30,22
31,15
32,0
33,138
34,45
35,0
36,17
37,5
38,30
39,0
40,72
41,0
42,1
43,0
44,14
45,54
46,10
47,3
48,4
49,0
50,10
51,133
52,36
53,16
54,7
55,4
56,1
57,24
58,0
59,3
60,36
61,0
62,1
63,1
64,44
65,19
66,64
67,133
68,1
69,147
70,47
71,164
72,166
73,11
74,2
75,113
76,1
77,135
78,1
79,1
80,7
81,6
82,47
83,0
84,0
85,13
86,0
87,2
88,149
89,65
90,5
91,61
92,11
93,0
94,174
95,0
96,7
97,1
98,0
99,114
100,148
101,6
102,106
103,0
104,1
105,134
106,1
107,5
108,144
109,2
110,12
111,124
112,37
113,8
114,291
115,10
116,38
117,95
118,0
119,285
120,157
121,4
122,0
123,29
124,7
125,1
126,1
127,246
128,5
129,5
130,3
131,0
132,163
133,273
134,2
135,230
136,49
137,38
138,3
139,14
140,0
141,0
142,29
143,41
144,0
145,44
146,0
147,16
148,1
149,5
150,22
151,89
152,23
153,97
154,79
155,0
156,102
157,43
158,196
159,11
160,5
161,241
162,5
163,1
164,278
165,60
166,0
167,14
168,125
169,1
170,181
171,5
172,2
173,4
174,1
175,0
176,35
177,188
178,18
179,38
180,1
181,1
182,10
183,0
184,48
185,114
186,93
187,90
188,26
189,172
190,1
191,162
192,10
193,82
194,161
195,154
196,0
197,1
198,0
199,252
200,1
201,11
202,28
203,0
204,35
205,6
206,34
207,12
208,13
209,290
210,3
211,83
212,23
213,30
214,63
215,11
216,27
217,4
218,107
219,1
220,2
221,2
222,26
223,82
224,1
225,241
226,8
227,0
228,1
229,45
230,8
231,188
232,111
233,15
234,6
235,13
236,3
237,2
238,1
239,8
240,0
241,11
242,0
243,0
244,203
245,242
246,20
247,108
248,41
249,0
250,31
251,0
252,71
253,1
254,0
255,2
256,0
257,6
258,9
259,1
260,1
261,11
262,0
263,11
264,3
265,78
266,82
267,189
268,3
269,121
270,179
271,72
272,0
273,0
274,3
275,77
276,0
277,243
278,6
279,152
280,0
281,3
282,35
283,90
284,0
285,1
286,85
287,0
288,7
289,10
290,29
291,192
292,5
293,8
294,1
295,0
296,26
297,13
298,4
299,0
300,0
301,32
302,7
303,0
304,5
305,7
306,2
307,270
308,0
309,115
310,71
311,0
312,62
313,294
314,1
315,3
316,3
317,88
318,0
319,20
320,6
321,102
322,13
323,0
324,17
325,0
326,167
327,2
328,14
329,293
330,122
331,0
332,51
333,29
334,0
335,0
336,3
337,0
338,30
339,0
340,233
341,5
342,35
343,97
344,7
345,23
346,69
347,194
348,141
349,23
350,49
351,4
352,46
353,179
354,38
355,0
356,8
357,0
358,203
359,152
360,108
361,144
362,5
363,14
364,6
365,32
366,0
367,2
368,2
369,1
370,77
371,291
372,166
373,72
374,84
375,25
376,18
377,159
378,71
379,11
380,0
381,3
382,120
383,176
384,0
385,148
386,121
387,1
388,0
389,7
390,117
391,4
392,27
393,1
394,4
395,48
396,205
397,83
398,3
399,75
400,237
401,0
402,6
403,79
404,84
405,0
406,1
407,8
408,0
409,0
410,282
411,1
412,13
413,39
414,1
415,1
416,0
417,7
418,11
419,92
420,15
421,8
422,0
423,0
424,2
425,19
426,229
427,274
428,9
429,7
430,65
431,8
432,0
433,0
434,0
435,0
436,195
437,28
438,7
439,2
440,18
441,69
442,1
443,0
444,259
445,0
446,0
447,19
448,2
449,19
450,3
451,1
452,8
453,10
454,0
455,176
456,45
457,142
458,0
459,13
460,2
461,113
462,225
463,19
464,0
465,1
466,0
467,0
468,9
469,32
470,158
471,7
472,0
473,0
474,7
475,7
476,3
477,139
478,5
479,13
480,1
481,148
482,1
483,31
484,0
485,4
486,0
487,1
488,71
489,134
490,65
491,116
492,10
493,1
494,1
495,6
496,204
497,0
498,0
499,8
500,15
501,183
502,40
503,119
504,0
505,112
506,224
507,0
508,80
509,86
510,0
511,4
512,6
513,16
514,183
515,61
516,56
517,18
518,210
519,29
520,39
521,126
522,40
523,15
524,7
525,45
526,0
527,3
528,56
529,3
530,7
531,0
532,4
533,26
534,1
535,1
536,0
537,5
538,2
539,2
540,0
541,23
542,2
543,3
544,0
545,114
546,1
547,9
548,0
549,160
550,150
551,14
552,8
553,0
554,7
555,4
556,77
557,0
558,1
559,2
560,3
561,40
562,19
563,203
564,0
565,15
566,80
567,6
568,6
569,16
570,41
571,4
572,35
573,0
574,3
575,74
576,1
577,1
578,25
579,131
580,20
581,0
582,0
583,78
584,80
585,18
586,13
587,6
588,1
589,1
590,0
591,1
592,23
593,0
594,138
595,93
596,32
597,23
598,101
599,5
600,121
601,29
602,20
603,88
604,7
605,0
606,18
607,2
608,7
609,112
610,57
611,1
612,7
613,13
614,41
615,55
616,11
617,31
618,88
619,0
620,0
621,148
622,18
623,1
624,18
625,80
626,28
627,0
628,8
629,2
630,3
631,0
632,33
633,3
634,0
635,186
636,5
637,29
638,2
639,15
640,1
641,1
642,1
643,117
644,11
645,30
646,0
647,1
648,15
649,0
650,1
651,0
652,7
653,36
654,2
655,3
656,25
657,24
658,35
659,61
660,1
661,105
662,42
663,1
664,267
665,1
666,97
667,11
668,35
669,0
670,14
671,143
672,0
673,0
674,4
675,0
676,50
677,0
678,2
679,5
680,12
681,130
682,0
683,28
684,0
685,4
686,103
687,1
688,14
689,6
690,28
691,7
692,33
693,1
694,1
695,143
696,6
697,11
698,107
699,8
700,59
701,7
702,4
703,255
704,55
705,1
706,80
707,97
708,153
709,188
710,4
711,0
712,2
713,0
714,18
715,5
716,6
717,66
718,54
719,202
720,1
721,4
722,102
723,6
724,4
725,14
726,3
727,13
728,222
729,9
730,26
731,0
732,31
733,21
734,12
735,271
736,3
737,14
738,25
739,3
740,110
741,0
742,26
743,1
744,8
745,0
746,54
747,214
748,297
749,209
750,18
751,13
752,2
753,4
754,1
755,1
756,4
757,13
758,182
759,0
760,1
761,198
762,0
763,0
764,50
765,0
766,9
767,20
768,177
769,17
770,0
771,2
772,15
773,21
774,1
775,0
776,176
777,14
778,28
779,0
780,21
781,96
782,5
783,299
784,3
785,87
786,0
787,44
788,73
789,0
790,15
791,0
792,7
793,0
794,32
795,26
796,0
797,55
798,184
799,72
800,58
801,37
802,191
803,100
804,19
805,23
806,77
807,1
808,85
809,33
810,58
811,10
812,0
813,226
814,129
815,8
816,9
817,29
818,8
819,1
820,1
821,63
822,52
823,0
824,72
825,1
826,64
827,198
828,15
829,17
830,0
831,27
832,0
833,127
834,169
835,0
836,36
837,12
838,50
839,19
840,48
841,23
842,0
843,66
844,0
845,2
846,4
847,10
848,13
849,0
850,20
851,101
852,5
853,66
854,3
855,1
856,3
857,10
858,58
859,4
860,12
861,44
862,0
863,53
864,3
865,7
866,1
867,0
868,103
869,28
870,147
871,38
872,4
873,121
874,18
875,56
876,88
877,234
878,19
879,21
880,26
881,294
882,0
883,41
884,48
885,8
886,5
887,22
888,79
889,8
890,2
891,54
892,0
893,28
894,28
895,85
896,0
897,0
898,185
899,11
900,239
901,216
902,1
903,10
904,0
905,96
906,6
907,3
908,77
909,6
910,2
911,1
912,1
913,1
914,211
915,11
916,28
917,6
918,24
919,2
920,42
921,136
922,22
923,17
924,52
925,0
926,23
927,113
928,4
929,147
930,23
931,238
932,1
933,29
934,115
935,19
936,2
937,40
938,1
939,10
940,81
941,18
942,8
943,4
944,13
945,297
946,4
947,4
948,0
949,3
950,10
951,2
952,6
953,0
954,4
955,68
956,4
957,199
958,5
959,10
960,1
961,0
962,4
963,1
964,9
965,63
966,7
967,9
968,0
969,1
970,9
971,54
972,2
973,4
974,66
975,12
976,124
977,94
978,4
979,3
980,0
981,251
982,8
983,144
984,10
985,85
986,13
987,4
988,39
989,23
990,203
991,2
992,8
993,0
994,158
995,8
996,155
997,1
998,26
999,5
1000,71
1001,16
1002,61
1003,6
1004,3
1005,30
1006,11
1007,3
1008,0
1009,63
1010,137
1011,9
1012,3
1013,3
1014,1
1015,9
1016,0
1017,34
1018,4
1019,66
1020,37
1021,217
1022,160
1023,0
1024,3
1025,0
1026,13
1027,122
1028,15
1029,6
1030,116
1031,6
1032,1
1033,81
1034,3
1035,27
1036,0
1037,8
1038,0
1039,0
1040,21
1041,15
1042,1
1043,1
1044,4
1045,58
1046,106
1047,0
1048,19
1049,82
1050,62
1051,32
1052,2
1053,9
1054,1
1055,146
1056,115
1057,34
1058,19
1059,5
1060,21
1061,92
1062,271
1063,11
1064,15
1065,0
1066,42
1067,27
1068,25
1069,0
1070,71
1071,188
1072,230
1073,119
1074,80
1075,1
1076,0
1077,8
1078,4
1079,21
1080,91
1081,85
1082,1
1083,2
1084,2
1085,265
1086,1
1087,112
1088,0
1089,95
1090,3
1091,5
1092,2
1093,60
1094,114
1095,39
1096,0
1097,5
1098,0
1099,100
1100,0
1101,87
1102,0
1103,241
1104,21
1105,54
1106,49
1107,0
1108,6
1109,31
1110,0
1111,44
1112,20
1113,12
1114,88
1115,0
1116,11
1117,132
1118,4
1119,5
1120,1
1121,21
1122,127
1123,175
1124,0
1125,27
1126,21
1127,6
1128,4
1129,279
1130,26
1131,10
1132,106
1133,14
1134,17
1135,129
1136,4
1137,33
1138,18
1139,34
1140,0
1141,24
1142,82
1143,1
1144,6
1145,148
1146,0
1147,1
1148,2
1149,84
1150,17
1151,4
1152,34
1153,0
1154,0
1155,277
1156,20
1157,64
1158,1
1159,0
1160,11
1161,0
1162,73
1163,29
1164,0
1165,1
1166,71
1167,91
1168,156
1169,172
1170,51
1171,256
1172,136
1173,8
1174,2
1175,1
1176,0
1177,5
1178,0
1179,45
1180,1
1181,103
1182,23
1183,1
1184,14
1185,64
1186,22
1187,4
1188,0
1189,85
1190,183
1191,7
1192,180
1193,16
1194,1
1195,129
1196,10
1197,0
1198,109
1199,0
1200,118
1201,248
1202,46
1203,45
1204,58
1205,92
1206,3
1207,0
1208,201
1209,150
1210,61
1211,2
1212,16
1213,15
1214,33
1215,8
1216,54
1217,188
1218,5
1219,42
1220,192
1221,3
1222,210
1223,28
1224,25
1225,141
1226,6
1227,0
1228,96
1229,293
1230,3
1231,0
1232,0
1233,78
1234,62
1235,2
1236,2
1237,60
1238,24
1239,88
1240,189
1241,1
1242,193
1243,2
1244,43
1245,199
1246,5
1247,31
1248,33
1249,0
1250,8
1251,0
1252,0
1253,4
1254,122
1255,0
1256,13
1257,0
1258,55
1259,51
1260,18
1261,225
1262,73
1263,3
1264,218
1265,54
1266,50
1267,12
1268,214
1269,0
1270,2
1271,10
1272,7
1273,2
1274,63
1275,1
1276,2
1277,0
1278,6
1279,173
1280,201
1281,22
1282,73
1283,0
1284,16
1285,10
1286,59
1287,0
1288,11
1289,58
1290,68
1291,149
1292,11
1293,0
1294,23
1295,103
1296,3
1297,34
1298,9
1299,43
1300,210
1301,11
1302,5
1303,12
1304,1
1305,97
1306,3
1307,10
1308,31
1309,256
1310,0
1311,0
1312,16
1313,35
1314,7
1315,34
1316,150
1317,25
1318,12
1319,0
1320,31
1321,28
1322,0
1323,20
1324,1
1325,11
1326,0
1327,27
1328,1
1329,0
1330,3
1331,5
1332,17
1333,212
1334,36
1335,0
1336,2
1337,0
1338,145
1339,18
1340,3
1341,11
1342,70
1343,59
1344,30
1345,36
1346,104
1347,165
1348,2
1349,19
1350,161
1351,12
1352,21
1353,88
1354,0
1355,5
1356,16
1357,91
1358,4
1359,116
1360,280
1361,131
1362,287
1363,71
1364,1
1365,1
1366,97
1367,276
1368,205
1369,61
1370,168
1371,1
1372,67
1373,94
1374,91
1375,14
1376,0
1377,0
1378,71
1379,0
1380,292
1381,0
1382,39
1383,85
1384,220
1385,113
1386,1
1387,1
1388,77
1389,4
1390,3
1391,13
1392,46
1393,4
1394,18
1395,0
1396,136
1397,2
1398,114
1399,24
1400,9
1401,0
1402,152
1403,18
1404,3
1405,8
1406,10
1407,3
1408,8
1409,0
1410,13
1411,0
1412,145
1413,284
1414,0
1415,7
1416,37
1417,3
1418,5
1419,8
1420,5
1421,4
1422,18
1423,5
1424,196
1425,10
1426,76
1427,45
1428,0
1429,0
1430,2
1431,2
1432,0
1433,0
1434,213
1435,120
1436,0
1437,13
1438,52
1439,0
1440,3
1441,139
1442,2
1443,1
1444,5
1445,18
1446,15
1447,244
1448,0
1449,123
1450,219
1451,0
1452,51
1453,135
1454,54
1455,9
1456,174
1457,4
1458,33
1459,11
1460,174
1461,0
1462,216
1463,13
1464,16
1465,275
1466,14
1467,11
1468,3
1469,224
1470,3
1471,148
1472,1
1473,9
1474,150
1475,4
1476,124
1477,237
1478,14
1479,7
1480,221
1481,64
1482,2
1483,272
1484,215
1485,19
1486,39
1487,12
1488,104
1489,2
1490,2
1491,100
1492,3
1493,2
1494,0
1495,3
1496,8
1497,4
1498,0
1499,53
1500,5
1501,0
1502,0
1503,1
1504,7
1505,7
1506,1
1507,5
1508,164
1509,62
1510,3
1511,0
1512,0
1513,18
1514,264
1515,47
1516,0
1517,53
1518,55
1519,68
1520,3
1521,45
1522,0
1523,256
1524,4
1525,25
1526,0
1527,7
1528,72
1529,1
1530,2
1531,2
1532,35
1533,248
1534,39
1535,156
1536,8
1537,164
1538,143
1539,9
1540,4
1541,172
1542,11
1543,17
1544,7
1545,0
1546,7
1547,8
1548,0
1549,1
1550,1
1551,0
1552,18
1553,243
1554,0
1555,0
1556,0
1557,2
1558,4
1559,23
1560,3
1561,52
1562,1
1563,11
1564,0
1565,8
1566,67
1567,14
1568,61
1569,0
1570,294
1571,5
1572,0
1573,5
1574,1
1575,15
1576,1
1577,0
1578,0
1579,3
1580,2
1581,15
1582,21
1583,99
1584,2
1585,2
1586,220
1587,247
1588,5
1589,1
1590,4
1591,116
1592,53
1593,0
1594,66
1595,6
1596,35
1597,150
1598,68
1599,17
1600,0
1601,3
1602,3
1603,1
1604,28
1605,3
1606,7
1607,0
1608,35
1609,9
1610,0
1611,3
1612,13
1613,0
1614,179
1615,43
1616,1
1617,0
1618,8
1619,0
1620,7
1621,9
1622,80
1623,8
1624,0
1625,26
1626,66
1627,75
1628,0
1629,6
1630,54
1631,87
1632,126
1633,11
1634,0
1635,150
1636,5
1637,34
1638,4
1639,25
1640,2
1641,245
1642,29
1643,0
1644,0
1645,1
1646,55
1647,1
1648,1
1649,115
1650,43
1651,14
1652,274
1653,11
1654,30
1655,12
1656,5
1657,2
1658,26
1659,118
1660,0
1661,2
1662,0
1663,0
1664,0
1665,113
1666,86
1667,0
1668,1
1669,19
1670,2
1671,39
1672,74
1673,41
1674,40
1675,1
1676,10
1677,1
1678,61
1679,53
1680,0
1681,85
1682,1
1683,1
1684,15
1685,0
1686,3
1687,1
1688,10
1689,11
1690,160
1691,18
1692,28
1693,0
1694,12
1695,7
1696,104
1697,1
1698,113
1699,273
1700,51
1701,8
1702,56
1703,76
1704,11
1705,160
1706,186
1707,0
1708,2
1709,5
1710,47
1711,6
1712,186
1713,271
1714,0
1715,42
1716,59
1717,15
1718,39
1719,0
1720,4
1721,231
1722,19
1723,125
1724,93
1725,39
1726,34
1727,6
1728,108
1729,5
1730,79
1731,131
1732,1
1733,116
1734,35
1735,4
1736,0
1737,0
1738,25
1739,9
1740,13
1741,38
1742,25
1743,6
1744,101
1745,47
1746,4
1747,0
1748,27
1749,10
1750,3
1751,10
1752,0
1753,245
1754,0
1755,0
1756,5
1757,2
1758,236
1759,97
1760,0
1761,17
1762,1
1763,151
1764,43
1765,10
1766,10
1767,1
1768,0
1769,0
1770,79
1771,34
1772,25
1773,135
1774,44
1775,0
1776,4
1777,12
1778,156
1779,225
1780,130
1781,71
1782,0
1783,0
1784,284
1785,1
1786,268
1787,13
1788,0
1789,252
1790,114
1791,30
1792,2
1793,0
1794,0
1795,52
1796,25
1797,6
1798,92
1799,38
1800,0
1801,2
1802,6
1803,17
1804,0
1805,3
1806,284
1807,60
1808,74
1809,0
1810,50
1811,12
1812,4
1813,0
1814,0
1815,31
1816,0
1817,5
1818,93
1819,3
1820,0
1821,131
1822,1
1823,134
1824,30
1825,12
1826,7
1827,8
1828,1
1829,49
1830,94
1831,16
1832,38
1833,55
1834,7
1835,19
1836,0
1837,53
1838,56
1839,38
1840,0
1841,22
1842,34
1843,57
1844,67
1845,56
1846,31
1847,57
1848,267
1849,95
1850,9
1851,11
1852,3
1853,43
1854,230
1855,12
1856,32
1857,24
1858,201
1859,8
1860,44
1861,1
1862,88
1863,75
1864,2
1865,6
1866,213
1867,0
1868,42
1869,8
1870,1
1871,112
1872,34
1873,3
1874,84
1875,17
1876,22
1877,15
1878,91
1879,47
1880,2
1881,0
1882,165
1883,77
1884,3
1885,181
1886,166
1887,0
1888,157
1889,43
1890,4
1891,38
1892,2
1893,1
1894,189
1895,0
1896,2
1897,8
1898,2
1899,15
1900,32
1901,1
1902,0
1903,230
1904,1
1905,39
1906,0
1907,7
1908,113
1909,4
1910,0
1911,34
1912,0
1913,7
1914,19
1915,15
1916,1
1917,1
1918,0
1919,68
1920,164
1921,3
1922,174
1923,8
1924,47
1925,0
1926,112
1927,0
1928,28
1929,5
1930,6
1931,0
1932,26
1933,16
1934,32
1935,42
1936,19
1937,6
1938,2
1939,20
1940,6
1941,9
1942,1
1943,25
1944,7
1945,22
1946,5
1947,120
1948,0
1949,0
1950,5
1951,3
1952,45
1953,51
1954,161
1955,1
1956,10
1957,47
1958,4
1959,4
1960,0
1961,23
1962,10
1963,0
1964,0
1965,6
1966,136
1967,0
1968,4
1969,3
1970,6
1971,182
1972,104
1973,10
1974,99
1975,11
1976,0
1977,3
1978,0
1979,0
1980,17
1981,2
1982,165
1983,22
1984,169
1985,0
1986,16
1987,0
1988,2
1989,5
1990,208
1991,0
1992,2
1993,0
1994,129
1995,46
1996,12
1997,0
1998,51
1999,146
2000,43
2001,2
2002,55
2003,0
2004,1
2005,3
2006,218
2007,149
2008,0
2009,223
2010,5
2011,85
2012,21
2013,4
2014,12
2015,231
2016,198
2017,143
2018,0
2019,27
2020,64
2021,3
2022,8
2023,87
2024,75
2025,0
2026,9
2027,66
2028,6
2029,14
2030,0
2031,0
2032,38
2033,23
2034,143
2035,27
2036,0
2037,0
2038,1
2039,80
2040,0
2041,42
2042,124
2043,113
2044,34
2045,5
2046,0
2047,0
2048,45
2049,0
2050,1
2051,2
2052,5
2053,223
2054,1
2055,1
2056,138
2057,31
2058,134
2059,1
2060,14
2061,168
2062,31
2063,86
2064,171
2065,1
2066,272
2067,2
2068,24
2069,70
2070,1
2071,0
2072,0
2073,3
2074,160
2075,1
2076,144
2077,0
2078,29
2079,254
2080,1
2081,15
2082,116
2083,104
2084,7
2085,238
2086,145
2087,4
2088,1
2089,2
2090,0
2091,16
2092,19
2093,0
2094,40
2095,0
2096,0
2097,3
2098,6
2099,13
2100,4
2101,6
2102,81
2103,11
2104,40
2105,60
2106,18
2107,99
2108,18
2109,75
2110,28
2111,278
2112,45
2113,76
2114,271
2115,21
2116,2
2117,71
2118,263
2119,196
2120,1
2121,0
2122,11
2123,49
2124,19
2125,0
2126,188
2127,2
2128,96
2129,141
2130,229
2131,8
2132,5
2133,4
2134,15
2135,1
2136,0
2137,0
2138,0
2139,3
2140,0
2141,10
2142,27
2143,0
2144,215
2145,70
2146,0
2147,0
2148,0
2149,222
2150,3
2151,0
2152,16
2153,26
2154,254
2155,34
2156,58
2157,41
2158,272
2159,69
2160,248
2161,93
2162,210
2163,0
2164,0
2165,11
2166,11
2167,2
2168,14
2169,6
2170,0
2171,17
2172,7
2173,2
2174,2
2175,0
2176,5
2177,9
2178,2
2179,22
2180,86
2181,14
2182,165
2183,2
2184,2
2185,11
2186,220
2187,1
2188,0
2189,48
2190,32
2191,0
2192,16
2193,0
2194,30
2195,37
2196,22
2197,1
2198,0
2199,6
2200,0
2201,61
2202,54
2203,106
2204,4
2205,216
2206,4
2207,133
2208,47
2209,0
2210,2
2211,16
2212,5
2213,0
2214,0
2215,23
2216,17
2217,21
2218,2
2219,0
2220,80
2221,9
2222,130
2223,3
2224,1
2225,5
2226,2
2227,14
2228,166
2229,21
2230,146
2231,75
2232,0
2233,261
2234,0
2235,29
2236,234
2237,35
2238,2
2239,0
2240,23
2241,3
2242,23
2243,219
2244,6
2245,0
2246,69
2247,14
2248,57
2249,89
2250,24
2251,50
2252,3
2253,52
2254,7
2255,75
2256,0
2257,0
2258,0
2259,7
2260,21
2261,7
2262,48
2263,57
2264,27
2265,62
2266,18
2267,2
2268,7
2269,13
2270,54
2271,33
2272,146
2273,2
2274,6
2275,4
2276,2
2277,2
2278,1
2279,0
2280,0
2281,9
2282,70
2283,0
2284,0
2285,216
2286,11
2287,4
2288,54
2289,2
2290,1
2291,6
2292,0
2293,4
2294,5
2295,0
2296,254
2297,80
2298,228
2299,0
2300,2
2301,12
2302,159
2303,70
2304,25
2305,9
2306,1
2307,94
2308,167
2309,0
2310,0
2311,18
2312,64
2313,176
2314,1
2315,4
2316,79
2317,3
2318,39
2319,204
2320,6
2321,4
2322,182
2323,6
2324,15
2325,4
2326,24
2327,37
2328,2
2329,146
2330,15
2331,0
2332,3
2333,58
2334,0
2335,0
2336,2
2337,0
2338,46
2339,4
2340,0
2341,270
2342,38
2343,18
2344,45
2345,1
2346,118
2347,1
2348,3
2349,166
2350,0
2351,6
2352,4
2353,5
2354,15
2355,99
2356,0
2357,9
2358,0
2359,1
2360,214
2361,2
2362,1
2363,0
2364,40
2365,49
2366,0
2367,17
2368,190
2369,194
2370,1
2371,0
2372,36
2373,0
2374,62
2375,116
2376,9
2377,14
2378,0
2379,1
2380,80
2381,10
2382,3
2383,77
2384,0
2385,7
2386,14
2387,122
2388,0
2389,17
2390,3
2391,2
2392,7
2393,54
2394,25
2395,2
2396,1
2397,0
2398,48
2399,0
2400,15
2401,35
2402,91
2403,17
2404,102
2405,46
2406,7
2407,1
2408,8
2409,1
2410,67
2411,5
2412,77
2413,9
2414,9
2415,15
2416,2
2417,21
2418,1
2419,2
2420,5
2421,39
2422,0
2423,270
2424,2
2425,1
2426,0
2427,75
2428,0
2429,52
2430,48
2431,131
2432,207
2433,1
2434,3
2435,267
2436,0
2437,68
2438,60
2439,98
2440,15
2441,23
2442,0
2443,237
2444,32
2445,0
2446,1
2447,2
2448,4
2449,117
2450,48
2451,0
2452,19
2453,1
2454,124
2455,20
2456,127
2457,20
2458,1
2459,12
2460,1
2461,1
2462,83
2463,290
2464,0
2465,23
2466,228
2467,237
2468,41
2469,42
2470,77
2471,1
2472,146
2473,2
2474,38
2475,90
2476,61
2477,9
2478,13
2479,2
2480,152
2481,255
2482,91
2483,36
2484,6
2485,241
2486,13
2487,181
2488,220
2489,29
2490,286
2491,4
2492,55
2493,30
2494,19
2495,0
2496,222
2497,1
2498,61
2499,58
2500,77
2501,0
2502,12
2503,44
2504,0
2505,82
2506,3
2507,12
2508,269
2509,74
2510,0
2511,0
2512,217
2513,298
2514,135
2515,0
2516,0
2517,5
2518,47
2519,49
2520,182
2521,2
2522,3
2523,117
2524,3
2525,4
2526,1
2527,21
2528,1
2529,118
2530,0
2531,1
2532,7
2533,0
2534,73
2535,24
2536,19
2537,55
2538,83
2539,9
2540,127
2541,0
2542,0
2543,5
2544,9
2545,82
2546,14
2547,62
2548,38
2549,5
2550,85
2551,297
2552,14
2553,48
2554,27
2555,3
2556,203
2557,0
2558,1
2559,4
2560,110
2561,1
2562,85
2563,1
2564,1
2565,196
2566,13
2567,20
2568,11
2569,8
2570,6
2571,9
2572,15
2573,2
2574,52
2575,199
2576,1
2577,92
2578,0
2579,10
2580,69
2581,271
2582,251
2583,94
2584,0
2585,6
2586,2
2587,195
2588,17
2589,26
2590,18
2591,14
2592,2
2593,181
2594,167
2595,0
2596,0
2597,2
2598,36
2599,129
2600,27
2601,6
2602,147
2603,8
2604,8
2605,0
2606,1
2607,5
2608,136
2609,44
2610,117
2611,9
2612,0
2613,54
2614,0
2615,17
2616,30
2617,15
2618,9
2619,116
2620,156
2621,248
2622,0
2623,13
2624,14
2625,0
2626,0
2627,1
2628,0
2629,30
2630,0
2631,7
2632,53
2633,223
2634,5
2635,2
2636,6
2637,59
2638,0
2639,11
2640,172
2641,35
2642,53
2643,177
2644,5
2645,2
2646,38
2647,45
2648,4
2649,18
2650,0
2651,6
2652,5
2653,7
2654,234
2655,10
2656,113
2657,1
2658,8
2659,1
2660,4
2661,0
2662,44
2663,2
2664,247
2665,1
2666,1
2667,16
2668,0
2669,0
2670,3
2671,2
2672,83
2673,0
2674,32
2675,56
2676,4
2677,16
2678,23
2679,34
2680,3
2681,49
2682,1
2683,5
2684,2
2685,99
2686,1
2687,177
2688,11
2689,0
2690,10
2691,5
2692,0
2693,60
2694,43
2695,0
2696,13
2697,2
2698,34
2699,13
2700,76
2701,5
2702,4
2703,37
2704,0
2705,1
2706,0
2707,100
2708,38
2709,65
2710,0
2711,88
2712,73
2713,17
2714,121
2715,0
2716,1
2717,4
2718,6
2719,7
2720,0
2721,5
2722,0
2723,1
2724,298
2725,1
2726,26
2727,29
2728,59
2729,133
2730,15
2731,43
2732,92
2733,9
2734,12
2735,4
2736,0
2737,35
2738,21
2739,6
2740,7
2741,0
2742,4
2743,9
2744,0
2745,231
2746,0
2747,31
2748,3
2749,22
2750,28
2751,56
2752,255
2753,6
2754,3
2755,1
2756,2
2757,1
2758,47
2759,0
2760,1
2761,0
2762,157
2763,6
2764,68
2765,12
2766,34
2767,1
2768,111
2769,4
2770,0
2771,13
2772,1
2773,85
2774,0
2775,14
2776,6
2777,188
2778,24
2779,218
2780,29
2781,0
2782,12
2783,3
2784,8
2785,135
2786,2
2787,0
2788,61
2789,162
2790,289
2791,3
2792,108
2793,0
2794,0
2795,0
2796,2
2797,37
2798,5
2799,2
2800,101
2801,53
2802,6
2803,0
2804,6
2805,22
2806,113
2807,200
2808,21
2809,3
2810,178
2811,163
2812,0
2813,5
2814,32
2815,0
2816,25
2817,5
2818,0
2819,0
2820,5
2821,5
2822,248
2823,25
2824,128
2825,0
2826,0
2827,22
2828,0
2829,187
2830,7
2831,0
2832,24
2833,2
2834,0
2835,45
2836,0
2837,54
2838,0
2839,27
2840,6
2841,96
2842,0
2843,17
2844,275
2845,0
2846,0
2847,0
2848,32
2849,24
2850,5
2851,0
2852,2
2853,154
2854,0
2855,11
2856,9
2857,13
2858,157
2859,0
2860,66
2861,122
2862,6
2863,0
2864,255
2865,0
2866,44
2867,54
2868,13
2869,25
2870,0
2871,4
2872,166
2873,24
2874,42
2875,26
2876,18
2877,0
2878,4
2879,30
2880,1
2881,80
2882,5
2883,4
2884,7
2885,1
2886,159
2887,5
2888,109
2889,5
2890,85
2891,0
2892,230
2893,145
2894,212
2895,271
2896,105
2897,23
2898,31
2899,15
2900,81
2901,16
2902,2
2903,1
2904,3
2905,157
2906,2
2907,69
2908,55
2909,8
2910,0
2911,0
2912,10
2913,4
2914,113
2915,26
2916,2
2917,37
2918,15
2919,167
2920,5
2921,7
2922,2
2923,9
2924,55
2925,4
2926,6
2927,1
2928,3
2929,152
2930,46
2931,3
2932,18
2933,3
2934,1
2935,6
2936,99
2937,1
2938,98
2939,199
2940,9
2941,13
2942,30
2943,9
2944,23
2945,28
2946,8
2947,74
2948,1
2949,27
2950,229
2951,3
2952,0
2953,8
2954,5
2955,32
2956,2
2957,73
2958,20
2959,0
2960,117
2961,31
2962,277
2963,30
2964,1
2965,106
2966,43
2967,0
2968,1
2969,37
2970,1
2971,101
2972,0
2973,213
2974,0
2975,4
2976,6
2977,24
2978,193
2979,149
2980,1
2981,0
2982,13
2983,2
2984,31
2985,20
2986,0
2987,24
2988,3
2989,10
2990,11
2991,113
2992,0
2993,5
2994,2
2995,140
2996,1
2997,8
2998,162
2999,2
3000,10
3001,5
3002,6
3003,21
3004,2
3005,1
3006,1
3007,4
3008,19
3009,36
3010,291
3011,90
3012,0
3013,12
3014,1
3015,55
3016,21
3017,54
3018,218
3019,67
3020,0
3021,172
3022,0
3023,70
3024,7
3025,6
3026,71
3027,1
3028,3
3029,16
3030,47
3031,294
3032,5
3033,48
3034,0
3035,0
3036,4
3037,8
3038,3
3039,1
3040,10
3041,59
3042,124
3043,1
3044,7
3045,3
3046,19
3047,7
3048,12
3049,69
3050,6
3051,59
3052,0
3053,0
3054,247
3055,1
3056,170
3057,53
3058,9
3059,40
3060,216
3061,64
3062,1
3063,9
3064,5
3065,2
3066,244
3067,14
3068,14
3069,143
3070,93
3071,3
3072,8
3073,10
3074,0
3075,94
3076,283
3077,18
3078,45
3079,0
3080,33
3081,32
3082,97
3083,17
3084,2
3085,1
3086,166
3087,7
3088,0
3089,260
3090,71
3091,0
3092,0
3093,113
3094,182
3095,0
3096,8
3097,2
3098,7
3099,0
3100,25
3101,156
3102,44
3103,38
3104,0
3105,166
3106,32
3107,81
3108,0
3109,48
3110,2
3111,9
3112,0
3113,168
3114,62
3115,7
3116,7
3117,18
3118,293
3119,28
3120,54
3121,177
3122,32
3123,25
3124,219
3125,214
3126,131
3127,128
3128,94
3129,54
3130,2
3131,3
3132,36
3133,0
3134,0
3135,22
3136,4
3137,189
3138,164
3139,9
3140,101
3141,2
3142,1
3143,111
3144,5
3145,3
3146,0
3147,1
3148,0
3149,24
3150,1
3151,1
3152,3
3153,122
3154,1
3155,3
3156,20
3157,0
3158,208
3159,7
3160,25
3161,59
3162,1
3163,61
3164,39
3165,31
3166,61
3167,18
3168,0
3169,21
3170,37
3171,1
3172,53
3173,266
3174,0
3175,21
3176,51
3177,34
3178,0
3179,102
3180,2
3181,4
3182,7
3183,164
3184,116
3185,39
3186,1
3187,20
3188,2
3189,10
3190,183
3191,55
3192,10
3193,0
3194,0
3195,1
3196,0
3197,1
3198,197
3199,1
3200,9
3201,6
3202,88
3203,127
3204,5
3205,2
3206,1
3207,1
3208,1
3209,18
3210,1
3211,176
3212,5
3213,4
3214,1
3215,2
3216,25
3217,1
3218,34
3219,10
3220,2
3221,1
3222,5
3223,4
3224,1
3225,20
3226,0
3227,37
3228,134
3229,0
3230,29
3231,14
3232,153
3233,1
3234,11
3235,62
3236,1
3237,30
3238,39
3239,4
3240,7
3241,16
3242,51
3243,1
3244,10
3245,45
3246,49
3247,42
3248,7
3249,2
3250,7
3251,22
3252,5
3253,85
3254,108
3255,2
3256,6
3257,12
3258,107
3259,2
3260,2
3261,0
3262,4
3263,5
3264,128
3265,12
3266,1
3267,158
3268,56
3269,69
3270,96
3271,9
3272,33
3273,19
3274,184
3275,9
3276,26
3277,7
3278,67
3279,8
3280,8
3281,1
3282,20
3283,29
3284,8
3285,0
3286,7
3287,195
3288,52
3289,29
3290,87
3291,2
3292,7
3293,166
3294,9
3295,296
3296,6
3297,298
3298,14
3299,0
3300,4
3301,13
3302,1
3303,0
3304,25
3305,18
3306,2
3307,1
3308,52
3309,0
3310,0
3311,0
3312,22
3313,8
3314,4
3315,6
3316,11
3317,36
3318,4
3319,0
3320,44
3321,166
3322,1
3323,6
3324,125
3325,4
3326,26
3327,114
3328,0
3329,103
3330,30
3331,1
3332,61
3333,2
3334,212
3335,9
3336,1
3337,0
3338,1
3339,1
3340,88
3341,194
3342,293
3343,4
3344,10
3345,0
3346,26
3347,4
3348,20
3349,204
3350,1
3351,123
3352,2
3353,68
3354,12
3355,19
3356,227
3357,11
3358,15
3359,0
3360,133
3361,4
3362,17
3363,2
3364,5
3365,109
3366,159
3367,107
3368,5
3369,1
3370,37
3371,240
3372,0
3373,15
3374,34
3375,3
3376,43
3377,3
3378,0
3379,1
3380,3
3381,0
3382,0
3383,45
3384,0
3385,10
3386,174
3387,77
3388,81
3389,286
3390,153
3391,15
3392,1
3393,37
3394,1
3395,66
3396,200
3397,258
3398,52
3399,12
3400,19
3401,0
3402,0
3403,21
3404,243
3405,24
3406,0
3407,99
3408,238
3409,4
3410,3
3411,4
3412,0
3413,45
3414,22
3415,0
3416,2
3417,21
3418,136
3419,44
3420,4
3421,10
3422,1
3423,7
3424,0
3425,13
3426,5
3427,4
3428,2
3429,86
3430,5
3431,1
3432,6
3433,50
3434,2
3435,64
3436,28
3437,0
3438,140
3439,1
3440,5
3441,135
3442,44
3443,288
3444,118
3445,19
3446,0
3447,54
3448,6
3449,39
3450,0
3451,47
3452,166
3453,1
3454,96
3455,2
3456,5
3457,3
3458,0
3459,20
3460,69
3461,1
3462,0
3463,83
3464,7
3465,0
3466,19
3467,42
3468,22
3469,144
3470,2
3471,58
3472,42
3473,0
3474,0
3475,21
3476,81
3477,8
3478,83
3479,8
3480,14
3481,252
3482,12
3483,38
3484,2
3485,51
3486,58
3487,230
3488,47
3489,2
3490,127
3491,35
3492,0
3493,1
3494,6
3495,18
3496,1
3497,80
3498,0
3499,17
3500,4
3501,218
3502,0
3503,25
3504,0
3505,4
3506,14
3507,15
3508,119
3509,1
3510,1
3511,15
3512,89
3513,38
3514,28
3515,26
3516,179
3517,8
3518,13
3519,19
3520,5
3521,52
3522,15
3523,9
3524,21
3525,0
3526,19
3527,66
3528,0
3529,0
3530,2
3531,5
3532,1
3533,3
3534,11
3535,156
3536,6
3537,5
3538,6
3539,0
3540,246
3541,4
3542,0
3543,0
3544,22
3545,6
3546,2
3547,138
3548,105
3549,1
3550,6
3551,7
3552,251
3553,5
3554,11
3555,2
3556,0
3557,2
3558,54
3559,173
3560,11
3561,21
3562,42
3563,0
3564,3
3565,111
3566,22
3567,0
3568,3
3569,81
3570,0
3571,85
3572,7
3573,11
3574,43
3575,230
3576,190
3577,90
3578,0
3579,110
3580,41
3581,20
3582,19
3583,54
3584,0
3585,33
3586,12
3587,45
3588,19
3589,49
3590,28
3591,22
3592,0
3593,74
3594,2
3595,1
3596,0
3597,5
3598,57
3599,3
3600,0
3601,5
3602,5
3603,282
3604,245
3605,21
3606,2
3607,1
3608,0
3609,2
3610,222
3611,11
3612,38
3613,6
3614,35
3615,11
3616,0
3617,106
3618,18
3619,248
3620,5
3621,26
3622,1
3623,297
3624,2
3625,163
3626,283
3627,3
3628,177
3629,37
3630,290
3631,0
3632,282
3633,4
3634,37
3635,9
3636,52
3637,10
3638,0
3639,7
3640,1
3641,1
3642,74
3643,9
3644,62
3645,5
3646,1
3647,0
3648,11
3649,100
3650,0
3651,0
3652,0
3653,0
3654,23
3655,134
3656,42
3657,3
3658,11
3659,103
3660,140
3661,0
3662,105
3663,244
3664,15
3665,0
3666,67
3667,7
3668,0
3669,29
3670,75
3671,295
3672,119
3673,2
3674,90
3675,2
3676,9
3677,0
3678,87
3679,4
3680,0
3681,0
3682,215
3683,102
3684,64
3685,43
3686,275
3687,20
3688,0
3689,36
3690,7
3691,0
3692,77
3693,5
3694,1
3695,182
3696,159
3697,228
3698,58
3699,8
3700,25
3701,0
3702,0
3703,93
3704,92
3705,27
3706,0
3707,22
3708,13
3709,3
3710,55
3711,34
3712,1
3713,23
3714,3
3715,0
3716,13
3717,47
3718,266
3719,13
3720,0
3721,11
3722,0
3723,100
3724,4
3725,7
3726,1
3727,2
3728,6
3729,4
3730,88
3731,0
3732,154
3733,0
3734,7
3735,11
3736,3
3737,52
3738,3
3739,289
3740,4
3741,24
3742,73
3743,101
3744,6
3745,3
3746,1
3747,22
3748,62
3749,7
3750,4
3751,3
3752,174
3753,0
3754,12
3755,41
3756,292
3757,12
3758,223
3759,24
3760,37
3761,1
3762,8
3763,2
3764,9
3765,265
3766,24
3767,16
3768,30
3769,3
3770,14
3771,1
3772,17
3773,1
3774,1
3775,0
3776,2
3777,2
3778,18
3779,28
3780,13
3781,17
3782,3
3783,108
3784,3
3785,16
3786,1
3787,3
3788,0
3789,3
3790,0
3791,13
3792,109
3793,11
3794,295
3795,4
3796,7
3797,3
3798,4
3799,0
3800,6
3801,0
3802,68
3803,285
3804,0
3805,0
3806,0
3807,1
3808,0
3809,10
3810,69
3811,1
3812,101
3813,79
3814,0
3815,1
3816,14
3817,17
3818,11
3819,97
3820,179
3821,30
3822,3
3823,0
3824,1
3825,6
3826,16
3827,1
3828,27
3829,1
3830,32
3831,12
3832,138
3833,13
3834,1
3835,263
3836,3
3837,2
3838,197
3839,1
3840,61
3841,2
3842,1
3843,91
3844,16
3845,0
3846,59
3847,84
3848,1
3849,40
3850,11
3851,38
3852,49
3853,0
3854,4
3855,24
3856,226
3857,35
3858,0
3859,1
3860,141
3861,3
3862,62
3863,170
3864,3
3865,20
3866,7
3867,91
3868,0
3869,227
3870,0
3871,59
3872,57
3873,3
3874,2
3875,1
3876,54
3877,183
3878,5
3879,0
3880,2
3881,88
3882,2
3883,42
3884,2
3885,15
3886,2
3887,0
3888,14
3889,4
3890,41
3891,7
3892,1
3893,116
3894,8
3895,34
3896,5
3897,4
3898,15
3899,122
3900,1
3901,122
3902,24
3903,1
3904,21
3905,0
3906,7
3907,0
3908,97
3909,39
3910,69
3911,15
3912,1
3913,0
3914,5
3915,0
3916,42
3917,82
3918,186
3919,5
3920,26
3921,0
3922,37
3923,4
3924,193
3925,1
3926,67
3927,2
3928,1
3929,1
3930,0
3931,0
3932,133
3933,37
3934,15
3935,58
3936,78
3937,2
3938,49
3939,260
3940,11
3941,0
3942,253
3943,3
3944,42
3945,0
3946,90
3947,276
3948,116
3949,50
3950,3
3951,11
3952,209
3953,1
3954,33
3955,56
3956,1
3957,258
3958,9
3959,1
3960,12
3961,111
3962,88
3963,2
3964,93
3965,113
3966,172
3967,161
3968,130
3969,255
3970,2
3971,3
3972,2
3973,53
3974,3
3975,9
3976,11
3977,17
3978,139
3979,140
3980,19
3981,207
3982,0
3983,1
3984,57
3985,1
3986,119
3987,0
3988,38
3989,11
3990,89
3991,2
3992,138
3993,0
3994,0
3995,89
3996,58
3997,1
3998,68
3999,188
4000,9
4001,2
4002,64
4003,1
4004,247
4005,3
4006,135
4007,2
4008,9
4009,3
4010,25
4011,143
4012,5
4013,71
4014,16
4015,0
4016,0
4017,33
4018,122
4019,0
4020,120
4021,8
4022,273
4023,0
4024,0
4025,137
4026,1
4027,27
4028,24
4029,98
4030,51
4031,4
4032,31
4033,5
4034,44
4035,18
4036,0
4037,292
4038,130
4039,144
4040,2
4041,3
4042,104
4043,185
4044,13
4045,43
4046,151
4047,16
4048,6
4049,3
4050,8
4051,0
4052,0
4053,77
4054,0
4055,0
4056,4
4057,11
4058,5
4059,14
4060,26
4061,0
4062,0
4063,111
4064,18
4065,1
4066,0
4067,262
4068,20
4069,0
4070,5
4071,22
4072,193
4073,11
4074,2
4075,13
4076,41
4077,20
4078,46
4079,26
4080,236
4081,7
4082,5
4083,2
4084,240
4085,65
4086,1
4087,237
4088,5
4089,0
4090,250
4091,0
4092,10
4093,256
4094,52
4095,15
4096,0
4097,1
4098,0
4099,15
4100,1
4101,7
4102,0
4103,56
4104,47
4105,42
4106,0
4107,0
4108,5
4109,15
4110,10
4111,57
4112,117
4113,0
4114,5
4115,48
4116,6
4117,141
4118,0
4119,15
4120,278
4121,151
4122,1
4123,0
4124,11
4125,5
4126,75
4127,120
4128,4
4129,109
4130,0
4131,2
4132,57
4133,0
4134,296
4135,29
4136,36
4137,1
4138,7
4139,271
4140,2
4141,0
4142,1
4143,6
4144,0
4145,5
4146,32
4147,221
4148,0
4149,1
4150,207
4151,234
4152,180
4153,11
4154,89
4155,5
4156,0
4157,8
4158,9
4159,28
4160,3
4161,0
4162,3
4163,84
4164,6
4165,1
4166,5
4167,119
4168,236
4169,24
4170,1
4171,145
4172,7
4173,0
4174,1
4175,5
4176,10
4177,1
4178,111
4179,0
4180,179
4181,0
4182,126
4183,0
4184,0
4185,160
4186,36
4187,47
4188,2
4189,32
4190,24
4191,5
4192,1
4193,64
4194,28
4195,5
4196,274
4197,27
4198,22
4199,0
4200,0
4201,64
4202,30
4203,171
4204,0
4205,2
4206,12
4207,36
4208,1
4209,37
4210,4
4211,0
4212,59
4213,0
4214,227
4215,20
4216,4
4217,12
4218,7
4219,158
4220,21
4221,286
4222,26
4223,221
4224,0
4225,5
4226,191
4227,28
4228,4
4229,0
4230,125
4231,2
4232,0
4233,4
4234,195
4235,52
4236,20
4237,18
4238,134
4239,27
4240,4
4241,176
4242,16
4243,157
4244,127
4245,3
4246,1
4247,4
4248,49
4249,0
4250,12
4251,147
4252,0
4253,0
4254,53
4255,18
4256,1
4257,1
4258,92
4259,0
4260,3
4261,0
4262,26
4263,19
4264,3
4265,4
4266,0
4267,1
4268,130
4269,9
4270,47
4271,5
4272,14
4273,1
4274,26
4275,1
4276,0
4277,6
4278,74
4279,117
4280,3
4281,2
4282,0
4283,11
4284,193
4285,16
4286,5
4287,3
4288,91
4289,1
4290,7
4291,7
4292,27
4293,5
4294,1
4295,8
4296,63
4297,1
4298,157
4299,23
4300,88
4301,0
4302,13
4303,13
4304,8
4305,1
4306,0
4307,2
4308,60
4309,32
4310,3
4311,27
4312,0
4313,0
4314,61
4315,3
4316,4
4317,0
4318,72
4319,0
4320,8
4321,23
4322,69
4323,6
4324,0
4325,36
4326,0
4327,252
4328,9
4329,4
4330,12
4331,203
4332,38
4333,2
4334,1
4335,0
4336,16
4337,8
4338,2
4339,46
4340,3
4341,5
4342,5
4343,20
4344,29
4345,0
4346,4
4347,0
4348,66
4349,58
4350,0
4351,5
4352,3
4353,18
4354,4
4355,0
4356,8
4357,243
4358,1
4359,59
4360,180
4361,0
4362,0
4363,3
4364,0
4365,176
4366,3
4367,22
4368,2
4369,205
4370,55
4371,80
4372,3
4373,45
4374,21
4375,0
4376,31
4377,1
4378,0
4379,114
4380,0
4381,7
4382,14
4383,0
4384,47
4385,0
4386,145
4387,4
4388,1
4389,4
4390,120
4391,37
4392,6
4393,260
4394,88
4395,38
4396,0
4397,1
4398,12
4399,3
4400,33
4401,0
4402,0
4403,54
4404,21
4405,25
4406,0
4407,13
4408,92
4409,0
4410,222
4411,6
4412,15
4413,86
4414,287
4415,4
4416,81
4417,136
4418,4
4419,0
4420,22
4421,0
4422,139
4423,0
4424,39
4425,63
4426,28
4427,17
4428,2
4429,0
4430,188
4431,22
4432,18
4433,18
4434,2
4435,108
4436,113
4437,4
4438,0
4439,30
4440,108
4441,2
4442,7
4443,8
4444,69
4445,0
4446,158
4447,1
4448,177
4449,0
4450,1
4451,91
4452,3
4453,1
4454,9
4455,0
4456,9
4457,3
4458,4
4459,258
4460,161
4461,14
4462,51
4463,0
4464,4
4465,12
4466,18
4467,3
4468,62
4469,173
4470,78
4471,32
4472,39
4473,35
4474,0
4475,278
4476,3
4477,76
4478,204
4479,0
4480,2
4481,15
4482,11
4483,17
4484,21
4485,143
4486,35
4487,26
4488,0
4489,0
4490,49
4491,170
4492,186
4493,19
4494,33
4495,49
4496,12
4497,43
4498,0
4499,0
4500,26
4501,21
4502,7
4503,37
4504,50
4505,178
4506,7
4507,2
4508,15
4509,0
4510,168
4511,0
4512,180
4513,295
4514,106
4515,14
4516,1
4517,0
4518,50
4519,2
4520,4
4521,7
4522,4
4523,1
4524,6
4525,167
4526,182
4527,1
4528,98
4529,55
4530,43
4531,53
4532,1
4533,67
4534,16
4535,9
4536,69
4537,228
4538,47
4539,1
4540,27
4541,24
4542,30
4543,218
4544,2
4545,1
4546,4
4547,16
4548,20
4549,18
4550,10
4551,143
4552,165
4553,8
4554,8
4555,0
4556,0
4557,93
4558,88
4559,272
4560,1
4561,34
4562,84
4563,2
4564,27
4565,6
4566,3
4567,7
4568,4
4569,91
4570,1
4571,5
4572,98
4573,43
4574,2
4575,13
4576,22
4577,2
4578,0
4579,103
4580,15
4581,31
4582,15
4583,4
4584,3
4585,0
4586,0
4587,50
4588,29
4589,7
4590,151
4591,65
4592,11
4593,35
4594,195
4595,0
4596,12
4597,1
4598,247
4599,11
4600,86
4601,189
4602,67
4603,0
4604,2
4605,25
4606,10
4607,148
4608,7
4609,11
4610,14
4611,41
4612,24
4613,18
4614,37
4615,141
4616,112
4617,0
4618,40
4619,42
4620,1
4621,1
4622,23
4623,15
4624,0
4625,90
4626,47
4627,0
4628,1
4629,1
4630,20
4631,3
4632,75
4633,9
4634,25
4635,3
4636,1
4637,10
4638,24
4639,2
4640,42
4641,11
4642,0
4643,82
4644,4
4645,3
4646,59
4647,3
4648,0
4649,75
4650,2
4651,29
4652,9
4653,0
4654,17
4655,8
4656,4
4657,30
4658,231
4659,3
4660,3
4661,5
4662,4
4663,0
4664,8
4665,0
4666,3
4667,255
4668,48
4669,296
4670,284
4671,61
4672,3
4673,107
4674,8
4675,13
4676,3
4677,8
4678,1
4679,3
4680,5
4681,6
4682,132
4683,7
4684,14
4685,219
4686,4
4687,119
4688,2
4689,1
4690,60
4691,142
4692,77
4693,10
4694,197
4695,17
4696,37
4697,0
4698,103
4699,0
4700,115
4701,54
4702,48
4703,3
4704,10
4705,11
4706,1
4707,3
4708,76
4709,9
4710,197
4711,1
4712,2
4713,4
4714,0
4715,19
4716,4
4717,145
4718,59
4719,0
4720,4
4721,14
4722,102
4723,1
4724,160
4725,2
4726,47
4727,22
4728,5
4729,116
4730,17
4731,16
4732,7
4733,8
4734,215
4735,240
4736,247
4737,0
4738,20
4739,0
4740,27
4741,3
4742,104
4743,5
4744,44
4745,21
4746,4
4747,139
4748,79
4749,15
4750,2
4751,15
4752,0
4753,102
4754,48
4755,0
4756,1
4757,10
4758,10
4759,1
4760,1
4761,195
4762,122
4763,0
4764,14
4765,3
4766,0
4767,17
4768,5
4769,7
4770,21
4771,1
4772,29
4773,0
4774,0
4775,126
4776,19
4777,4
4778,19
4779,8
4780,26
4781,4
4782,4
4783,16
4784,275
4785,37
4786,19
4787,11
4788,0
4789,49
4790,0
4791,7
4792,0
4793,31
4794,0
4795,68
4796,208
4797,127
4798,12
4799,0
4800,81
4801,7
4802,55
4803,1
4804,47
4805,18
4806,2
4807,49
4808,9
4809,1
4810,79
4811,5
4812,153
4813,22
4814,36
4815,0
4816,85
4817,2
4818,0
4819,0
4820,3
4821,6
4822,185
4823,0
4824,5
4825,33
4826,0
4827,4
4828,52
4829,278
4830,1
4831,3
4832,3
4833,9
4834,132
4835,15
4836,6
4837,18
4838,16
4839,53
4840,0
4841,12
4842,12
4843,75
4844,0
4845,0
4846,161
4847,217
4848,0
4849,1
4850,11
4851,0
4852,2
4853,2
4854,170
4855,101
4856,62
4857,94
4858,42
4859,8
4860,0
4861,14
4862,216
4863,1
4864,125
4865,41
4866,49
4867,0
4868,285
4869,0
4870,3
4871,8
4872,1
4873,10
4874,12
4875,33
4876,50
4877,0
4878,178
4879,92
4880,0
4881,242
4882,3
4883,1
4884,1
4885,214
4886,123
4887,4
4888,1
4889,0
4890,42
4891,130
4892,12
4893,155
4894,85
4895,3
4896,0
4897,72
4898,60
4899,0
4900,9
4901,1
4902,30
4903,47
4904,48
4905,45
4906,6
4907,54
4908,17
4909,28
4910,6
4911,2
4912,0
4913,0
4914,34
4915,24
4916,4
4917,0
4918,1
4919,2
4920,1
4921,40
4922,0
4923,21
4924,244
4925,0
4926,268
4927,0
4928,275
4929,0
4930,0
4931,32
4932,124
4933,8
4934,298
4935,0
4936,14
4937,159
4938,1
4939,3
4940,50
4941,0
4942,16
4943,9
4944,35
4945,13
4946,22
4947,21
4948,65
4949,107
4950,4
4951,0
4952,3
4953,3
4954,167
4955,3
4956,0
4957,43
4958,5
4959,1
4960,11
4961,200
4962,3
4963,5
4964,11
4965,299
4966,18
4967,0
4968,2
4969,0
4970,2
4971,1
4972,1
4973,2
4974,299
4975,4
4976,110
4977,9
4978,126
4979,0
4980,43
4981,89
4982,129
4983,1
4984,0
4985,22
4986,101
4987,11
4988,27
4989,0
4990,85
4991,1
4992,272
4993,161
4994,207
4995,187
4996,17
4997,0
4998,201
4999,6
